<?xml version="1.0" encoding="UTF-8"?>
<feature
      id="com.owner.xstudio.platform.feature"
      label="XStudio Platform Feature"
      version="1.0.0.qualifier"
      provider-name="OWNER">

   <description url="http://www.example.com/description">
      [Enter Feature Description here.]
   </description>

   <copyright url="http://www.example.com/copyright">
      [Enter Copyright Description here.]
   </copyright>

   <license url="http://www.example.com/license">
      [Enter License Description here.]
   </license>

   <includes
         id="org.eclipse.platform"
         version="0.0.0"/>

   <requires>
      <import plugin="org.eclipse.ui"/>
      <import plugin="org.eclipse.core.runtime"/>
   </requires>

   <plugin
         id="com.owner.xstudio.platform"
         download-size="0"
         install-size="0"
         version="0.0.0"/>

</feature>
